site_name,PI_name,PI_email
AZ,Nancy Grimm,NBGRIMM@asu.edu
CT,Peter Raymond,peter.raymond@yale.edu
FL,Matthew Cohen,mjc@ufl.edu
MD,Emma Rosi,rosie@caryinstitute.org
NC,Emily Bernhardt,ebernhar@duke.edu
PR,William McDowell,bill.mcdowell@unh.edu
RI,Arthur Gold,agold@uri.edu
VT,William McDowell,bill.mcdowell@unh.edu
WI,Emily Stanley,ehstanley@wisc.edu
